title,url,comms_num,flare,score,id,created,author,body,timestamp
Coronavirus (COVID-19) Megathread - News and Updates - 3,https://www.reddit.com/r/india/comments/fqqdsg/coronavirus_covid19_megathread_news_and_updates_3/,8884,AskIndia,344,fqqdsg,1585451433.0,IAmMohit,"###[Covid-19 Fundraisers & Donation Links](https://amnesty.org.in/support-indias-most-vulnerable-fight-covid-19-a-list-of-fundraisers-you-can-donate-to/) via Amnesty International
* [This link covers](https://amnesty.org.in/support-indias-most-vulnerable-fight-covid-19-a-list-of-fundraisers-you-can-donate-to/) Migrant Workers Day-Labourers, Other Vulnerable Groups, Urban Poor, Transgender Community, Waste-pickers and Sanitation Workers, Healthcare Workers and Doctors, Older Persons & Children and Animal Care 

------------------------------------------------------------------------------------------------------

#####Indian Goverment
* [Official Twitter Collection of Indian Govt. Communications](https://twitter.com/i/events/1240662046280048646)
* [State and District Wise Details of Cases in India](https://www.mohfw.gov.in/pdf/DistrictWiseList324.pdf)
* All India Helplines: 1075 (Toll Free) | 1930 (Toll Free) | 1944 (Northeast India Only) | +911123978046 | Email ID: ncov2019@gov.in 
* [State Helpline Numbers](https://www.mohfw.gov.in/pdf/coronvavirushelplinenumber.pdf)
* [Test Centers List](https://covid.icmr.org.in/index.php/testing-facilities)

#####State Specific Threads via Reddit community
* [Andaman &amp; Nicobar, Lakshadweep,  Puducherry, Dadra &amp; Nagar Haveli, Daman &amp; Diu](https://www.reddit.com/r/CoronaIndia/comments/fqmry7/coronavirus_covid19_megathread_news_and_updates/) via u/TheDosaMan
* [Bihar](https://www.reddit.com/r/india/comments/ftky3g/covid19_every_updates_from_bihar/) via u/FilmmakerFarhan
* [Delhi](https://www.reddit.com/r/india/comments/fu2v1h/all_covid_19_updates_of_delhi/) via u/ppccbba
* [Gujarat](https://www.reddit.com/r/india/comments/fw07cd/covid19_gujarat_updates) via u/helvetikka
* [Karnataka](https://www.reddit.com/r/india/comments/fpv4xk/karnataka_covid19_updates/) via u/TheClassicGallery
* [Kerala](https://www.reddit.com/r/Kerala/comments/fgc8m6/coronavirus_covid19_megathread_news_and_updates/) via u/nithinvnath
* [Madhya Pradesh](https://www.reddit.com/r/india/comments/fpt2jw/mp_covid19_megathread/) via u/maardon_bhenji
* [Maharashtra](https://www.reddit.com/r/india/comments/fq2vqj/covid19_updates_for_maharashtra/) via u/hrishidev
* [Odisha](https://www.reddit.com/r/india/comments/frstw5/covid19all_updates_for_odisha) via u/aviakki1
* [Nagaland](https://www.reddit.com/user/-ImSoDone-/comments/fqpnov/covid19_updates_nagaland/) via u/-ImSoDone-
* [Punjab](https://www.reddit.com/r/india/comments/fsbwuj/punjab_covid_updates_thread/) via u/TheAltChemist
* [Rajasthan](https://www.reddit.com/r/pinkcity/comments/fps590/covid19_updates_for_rajasthan/) via /u/isaacseaman
* [Tamil Nadu](https://www.reddit.com/r/Chennai/comments/fr62oj/covid19_daily_news_updates/) via u/ughalright
* [Telangana](https://www.reddit.com/r/india/comments/fqn8jf/covid19_all_updates_in_telangana/) via u/lifehacker25
* [Uttar Pradesh](https://www.reddit.com/r/india/comments/fptwqz/covid19_all_updates_in_uttar_pradesh/) via u/ppccbba
* [Uttarakhand](https://www.reddit.com/r/india/comments/fs95z1/covid19_updates_uttarakhand_edition/) via u/leopard_dopy
* [West Bengal](https://www.reddit.com/r/kolkata/comments/fi5hqd/covid19_updates/) via /u/ppatra
* [*More States are being Added*]

#####Coronavirus Trackers, News, Updates

* [Case Numbers via Indian Govt.](https://www.mohfw.gov.in/)
* [Case Numbers and Map via NDTV](https://www.ndtv.com/coronavirus/india-covid-19-outbreak-map)
* [Covid19India.org](https://www.covid19india.org)
* r/Coronavirus
* r/worldnews
* r/COVID19Positive for Covid-19 Patients

#####Useful Guides, Precautions, Helpful Tips, Self Assessment
* [Safety Tips](https://www.who.int/emergencies/diseases/novel-coronavirus-2019/advice-for-public)
* [Coronavirus condition overview](https://www.who.int/health-topics/coronavirus)
* [Coronavirus Q&amp;A](https://www.who.int/news-room/q-a-detail/q-a-coronaviruses)
* [How to Protect Yourself and Prepare for the Coronavirus](https://www.nytimes.com/article/prepare-for-coronavirus.html)
* [Myth Busters via WHO](https://www.who.int/emergencies/diseases/novel-coronavirus-2019/advice-for-public/myth-busters)
* [Self Assessment Tool for Covid19](https://coronavirus.heallify.com/)

#####Coronavirus (Covid-19) Multi-Lingual Shareable Resources Wiki 
* [Wiki Thread](https://www.reddit.com/r/india/comments/fo0xj9/coronavirus_covid19_multilingual_resources_wiki/)

* [Assamese](https://1drv.ms/u/s!AoYOmN7lWek1gn1U2sNswTmrdyym?e=qtG6Hy) | [Bengali](https://1drv.ms/u/s!AoYOmN7lWek1gkqMhFrcLJNn_GXA?e=C4Org5) |
[English](https://1drv.ms/u/s!AoYOmN7lWek1gWSxZMTO6BKKKYGN?e=sgYupr) | [Gujarati](https://1drv.ms/u/s!AoYOmN7lWek1ght7ez9gamQZdNuN?e=doJZmj) | 
[Hindi](https://1drv.ms/u/s!AoYOmN7lWek1gWNzzpIljrP9jQke?e=bu6Eog) | [Kannada](https://1drv.ms/u/s!AoYOmN7lWek1ggJi4cS2y1ZULZol?e=s43xHF) | 
[Konkani](https://1drv.ms/u/s!AoYOmN7lWek1gmRJkbslNMDc-1s1?e=gpDqma) | [Malayalam](https://1drv.ms/u/s!AoYOmN7lWek1gmeU30HlPVT-0Cqo?e=dNhg3u) | 
[Marathi](https://1drv.ms/u/s!AoYOmN7lWek1giu0e8l9SbT27Ac_?e=eeNuHi) | [Marwari](https://1drv.ms/u/s!AoYOmN7lWek1gXxP8R5CPzEt5zhp?e=HWuXnt) | 
[Oriya](https://1drv.ms/u/s!AoYOmN7lWek1gwcrC-WB195OyuXd?e=ozTVA4) | [Punjabi](https://1drv.ms/u/s!AoYOmN7lWek1gjxTSvU761F9Hzou?e=9gjaqg) | 
[Tamil](https://1drv.ms/u/s!AoYOmN7lWek1gglvLHFkHSsMZgTo?e=YhLNRo) | [Telegu](https://1drv.ms/f/s!AoYOmN7lWek1gkEvVG2WLij6Up78) | 
[Urdu](https://1drv.ms/u/s!AoYOmN7lWek1gwwpU8N-i2_x9Z5n?e=8fUHqi)

#####r/India Community
* [COVID-19 India tracker](https://www.covid19india.org/) via u/splitladoo
* [Crowdsourced handbook of India specific data and resources](https://covidindiasupport.com/main) via u/lilhuman0
* [Google Spreadsheet of Statewise infections](https://docs.google.com/spreadsheets/d/1uKqaxMd5gkghBKMmp_fbnLRFLdic_Kv-i_802f77Ih0/edit#gid=0) via /u/lord_blood_raven

#####Precautions for prevention of Corona Virus
^Currently ^there ^is ^no ^vaccine ^available ^to ^protect ^against ^human ^corona ^virus ^but ^we ^can ^reduce ^the ^transmission ^of ^virus ^by ^taking ^following ^precautions:

* Do
 * Wash your hands regularly for 20 seconds, with soap and water or alcohol-based hand rub
 * Cover your nose and mouth with a disposable tissue or flexed elbow when you cough or sneeze
 * Avoid close contact (1 meter or 3 feet) with people who are unwell
 * Stay home and self-isolate from others in the household if you feel unwell
* Don't
 * Touch your eyes, nose, or mouth if your hands are not clean

#####How to Quarantine Yourself via [New York Times](https://www.nytimes.com/2020/03/06/health/self-quarantine-coronavirus.html)
^If ^youâ€™re ^returning ^from ^an ^area ^thatâ€™s ^had ^a ^coronavirus ^outbreak, ^or ^if ^youâ€™ve ^been ^in ^close ^contact ^with ^someone ^who ^tests ^positive, ^you ^may ^be ^asked ^to ^isolate ^yourself ^at ^home ^for ^two ^weeks, ^the ^presumed ^incubation ^period ^for ^the ^coronavirus.

^Itâ€™s ^not ^easy ^to ^lock ^yourself ^away ^from ^your ^family ^and ^friends. ^These ^are ^the ^basics.

1. **ISOLATION**: If you are infected or have been exposed to the coronavirus, you must seclude yourself from your partner, your housemates, your children, your older aunt and even your pets. If you donâ€™t have your own room, one should be designated for your exclusive use. No visitors unless itâ€™s absolutely essential. Donâ€™t take the bus, subway or even a taxi.

2. **MASKS**: If you must be around other people â€” in your home, or in a car, because youâ€™re on your way to see a doctor (and only after youâ€™ve called first) â€” wear a mask. Everyone else should, too.

3. **HYGIENE**: Cover your mouth and nose with a tissue to cough or sneeze, and discard it in a lined trash can. Immediately wash your hands with soap and water for at least 20 seconds. You can use sanitizer, but soap and water are preferred. Wash your hands frequently and avoid touching your eyes, nose and mouth, if you havenâ€™t just washed them.

4. **DISINFECTING**: Donâ€™t share dishes, drinking glasses, eating utensils, towels or bedding. Wash these items after you use them. Use a household cleaner to wipe down countertops, tabletops, doorknobs, bathrooms fixtures, toilets, phones, keyboards, tablets and bedside tables. That also goes for any surfaces that may be contaminated by bodily fluids.

5. **HOUSEHOLD MEMBERS**: When around the patient, wear a face mask, and add gloves if youâ€™re touching anything that might carry the patientâ€™s bodily fluids. Dispose of the mask and gloves immediately. The older members and those with chronic medical conditions should minimize contact with the secluded individual.

#####Share your Idle CPU/GPU Power towards find solutions for Covid-19

&gt;Do you have a CPU/GPU sitting at home, not doing anything? If yes, and you are willing to let it work for drug discovery, please check out folding at home. The following text is from /r/pcmasterrace
Join us and donate your unused GPU and CPU computing power to fight against Coronavirus (and several other illnesses, like Cancer, Parkinson's, etc). To download [CLICK HERE](https://foldingathome.org/start-folding/). 

&gt;To learn more about the project, or if you need more instructions on how to run it, check out https://pcmasterrace.org/folding.

&amp;nbsp;

Older Threads: [Part I](https://www.reddit.com/r/india/comments/f2kaxr/covid19_megathread_news_and_updates/) | [Part II](https://www.reddit.com/r/india/comments/fkttm7/coronavirus_covid19_megathread_news_and_updates_ii/)",2020-03-29 08:40:33
Coronavirus (Covid-19) Multi-Lingual Resources Wiki,https://www.reddit.com/r/india/comments/fo0xj9/coronavirus_covid19_multilingual_resources_wiki/,49,AskIndia,214,fo0xj9,1585063428.0,IAmMohit,"This post will serve as a wiki for multi-lingual Covid-19 resources. Please share what else can be put here in comments.

----------------------------------------------------------------------------------------------

##Multi-lingual Resources Compiled by [ISRC \(Indian Scientistsâ€™ Response to CoViD-19\)](https://indscicov.in/)

* **For General Public:**
 - https://indscicov.in/
 - [Busting CoViD-19 Hoaxes](https://indscicov.in/index.php/busting-hoaxes/)
 - [Popularization Resources](https://indscicov.in/about-isrc/for-public/popularization-resources/)
 - [Resources in Indian Languages](https://indscicov.in/about-isrc/for-public/resources-in-indian-languages/)

* **For scientists and healthcare professionals:**
 - [Mathematical modelling](https://indscicov.in/index.php/mathematical-modelling/)
 - [App development](https://indscicov.in/index.php/app-development/)
 - [Hardware \(masks, ventilators, etc\)](https://indscicov.in/index.php/hardware/)
 - [Learning from global experiences](https://indscicov.in/index.php/global-experiences/)
 - [Tracking the disease](https://indscicov.in/index.php/tracking-the-disease/)

##Multi-lingual Resources Compiled by r/india
* [Assamese](https://1drv.ms/u/s!AoYOmN7lWek1gn1U2sNswTmrdyym?e=WZSQqb) | [Bangla](https://1drv.ms/u/s!AoYOmN7lWek1ga0abdYjs7Mv5AUVog?e=Q39A0x) | [English](https://1drv.ms/u/s!AoYOmN7lWek1gWSxZMTO6BKKKYGN?e=sgYupr) | [Gujarati](https://1drv.ms/u/s!AoYOmN7lWek1ght7ez9gamQZdNuN?e=doJZmj) | [Hindi](https://1drv.ms/u/s!AoYOmN7lWek1gWNzzpIljrP9jQke?e=bu6Eog) | [Kannada](https://1drv.ms/u/s!AoYOmN7lWek1ggJi4cS2y1ZULZol?e=s43xHF) | [Khasi])(https://1drv.ms/u/s!AoYOmN7lWek1wmlL5i0r1BS_7TZK?e=SpBw8N) | [Konkani](https://1drv.ms/u/s!AoYOmN7lWek1gmRJkbslNMDc-1s1?e=gpDqma) | [Malayalam](https://1drv.ms/u/s!AoYOmN7lWek1gmeU30HlPVT-0Cqo?e=dNhg3u) | [Manipuri](https://1drv.ms/u/s!AoYOmN7lWek1wm9Iw5wbsszoq0rY?e=HvwVu8) | [Manipuri (Meeitei Mayek)](https://1drv.ms/u/s!AoYOmN7lWek1wnHm0vtnKtnL5H4J?e=pf91KM) | [Marathi](https://1drv.ms/u/s!AoYOmN7lWek1giu0e8l9SbT27Ac_?e=eeNuHi) | [Marwari](https://1drv.ms/u/s!AoYOmN7lWek1gXxP8R5CPzEt5zhp?e=HWuXnt) | [Nepali](https://1drv.ms/u/s!AoYOmN7lWek1wnT4xnmyAix5E18t?e=e1v3EZ) | [Oriya](https://1drv.ms/u/s!AoYOmN7lWek1gwcrC-WB195OyuXd?e=ozTVA4) | [Portuguese](https://1drv.ms/u/s!AoYOmN7lWek1wnhaf1vRPSfBxyCW?e=PEBrdI) | [Punjabi](https://1drv.ms/u/s!AoYOmN7lWek1gjxTSvU761F9Hzou?e=9gjaqg) | [Tamil](https://1drv.ms/u/s!AoYOmN7lWek1gglvLHFkHSsMZgTo?e=YhLNRo) | [Telugu](https://1drv.ms/f/s!AoYOmN7lWek1gkEvVG2WLij6Up78) | [Urdu](https://1drv.ms/u/s!AoYOmN7lWek1gwwpU8N-i2_x9Z5n?e=8fUHqi)

* [All of the above languages](https://1drv.ms/u/s!AoYOmN7lWek1gWKkLEUBTlww-21T?e=tkJbM9)

##Social Media News Sources
* [Official **Twitter** Collection of Indian Govt. Coronavirus Communications](https://twitter.com/i/events/1240662046280048646)
* [Offical **Facebook** Collection of Indian Govt. Coronavirus Communications](https://www.facebook.com/coronavirus_info/)

----------------------------------------------------------------------------------------------

Thanks to: [@ever_ambiguous](https://twitter.com/ever_ambiguous) | https://indscicov.in/ | /u/lilhuman0 | u/Peter_Parker12 | u/AlternativeDrop6

----------------------------------------------------------------------------------------------

Please share what else can be put here in comments. PLEASE MENTION your language and type of resource alongside - Image, Video, or Website. Motive is to make this resource wiki as simple and accessible as possible.

Any off-topic comments will be removed. [Coronavirus centric general discussion belongs to this thread>>](https://www.reddit.com/r/india/comments/fkttm7/coronavirus_covid19_megathread_news_and_updates_ii/)

----------------------------------------------------------------------------------------------

#####Share your Idle CPU/GPU Power towards find solutions for Covid-19

>Do you have a CPU/GPU sitting at home, not doing anything? If yes, and you are willing to let it work for drug discovery, please check out folding at home. The following text is from /r/pcmasterrace
Join us and donate your unused GPU and CPU computing power to fight against Coronavirus (and several other illnesses, like Cancer, Parkinson's, etc). To download [CLICK HERE](https://foldingathome.org/start-folding/). 

>To learn more about the project, or if you need more instructions on how to run it, check out https://pcmasterrace.org/folding.",2020-03-24 20:53:48
The wealth inequality in India is truly horrifying,https://i.redd.it/3rol63nk35s41.jpg,671,AskIndia,8288,fyyx8c,1586618274.0,sinsandtonic,,2020-04-11 20:47:54
It's sad what passes for breaking news these days,https://i.imgur.com/F0UHNcw.jpg,37,AskIndia,519,fz6vdl,1586645731.0,godzillaweener,,2020-04-12 04:25:31
"Railways transports 20 litres of camel milk to a family in Mumbai after a woman tweeted about its non-availability for her 3.5-year-old autistic child, who is allergic to goat, cow & buffalo milk",https://twitter.com/PTI_News/status/1248965677009887238,47,AskIndia,666,fz59yf,1586640618.0,aviakki1,,2020-04-12 03:00:18
Vehicles seized by Hyderabad police for violating lockdown,https://i.redd.it/hfy6oi6ww6s41.jpg,47,AskIndia,552,fz55zl,1586640243.0,LuisIsBitz,,2020-04-12 02:54:03
First Mango ðŸ¥­ in our home,https://i.redd.it/6508cjyo54s41.jpg,221,AskIndia,2846,fyw5do,1586606896.0,spiderspit,,2020-04-11 17:38:16
"(Story time) 13th Dec, 1971 - The day when Russian Nuclear warheads surfaced on the Bay of Bengal to stop USS Enterprise from attacking India",https://www.reddit.com/r/india/comments/fz62ox/story_time_13th_dec_1971_the_day_when_russian/,67,AskIndia,362,fz62ox,1586643187.0,Saap_ka_Baap,"During the 1971 war between India and Pakistan for the liberation of Bangladesh (formerly known as East Pakistan), US and UK sided with Pakistan and sent their warships to India and US. 

On 13th December 1971, US President Nixon redirected the 7th Navy Fleet led by the 75,000 ton nuclear powered aircraft carrier USS Enterprise, the most powerful warship in the world at that time, to go to the Bay of Bengal to stop India from liberating Bangladesh

Indian Prime Minister Indira Gandhi promptly called on Moscow to invoke a secret provision in the India-Soviety treaty under which Russia was bound to defend India in case of any external aggression. Russia sent a nuclear armed flotilla including a Nuclear submarine from Vladivostok on 13th December, 1971 under the command of Admiral Vladimir Kuroyedov, who has orders not to allow the US Fleet to advance and attack the military bases of India. 

The only thing standing between the US Fleet and the Indian cities was the Indian Aircraft Carrier INS Vikrant and the Russian fleet, so India and Russia came up with a crafty plan to stop them. 

As the US Aircraft carrier was entering the Bay of Bengal to attack India, for the first time in human history the Russians decided to intentionally bring their Nuclear submarine to the surface and let the Americans see them.

As soon as the Russian Submarine surfaced on the Bay of Bengal, the US Admiral lost all hope and made the following quote 'We are too late, the Russians are already here'
The mere fact of seeing Russian nuclear warheads in the Bay of Bengal changed America's mind and they retreated.

Russia further went on to say 'A war on India will be considered a war on Russia' and threatened China to not join the conflict on orders of the US and threatened to sink Sinkiang (a region in China) if they tried to stop India from liberating Bangladesh.

Ever since then India has considered Russia as their most trusted ally in the world and is now the largest importer of Russian weapons and Nuclear Reactors in the world.

That's the reason a Russian president has never set foot in Pakistan.",2020-04-12 03:43:07
"There is a Dmart store in Egypt. Indian people are ordering and ranting online, giving one star on the App.",https://imgur.com/iQtBxsj,44,AskIndia,324,fz5qsx,1586642151.0,spez666,,2020-04-12 03:25:51
New Delihiâ€™s India Gate war memorial on 17 October 2019 and on 8 April 2020,https://i.redd.it/xy5mwu5ih7s41.png,23,AskIndia,209,fz7d2w,1586647181.0,tanishvv,,2020-04-12 04:49:41
Rajasthan government bans photography during distribution of food among poor,https://www.thehindubusinessline.com/news/national/rajasthan-government-bans-photography-during-distribution-of-food-among-poor/article31315786.ece,23,AskIndia,264,fz5ihm,1586641401.0,TheDosaMan,,2020-04-12 03:13:21
Javed Khan Attacker Of Doctors In Indore Tested Positive For Coronavirus,https://news.abplive.com/news/india/javed-khan-attacker-of-doctors-in-indore-tested-positive-for-coronavirus-1195341,20,AskIndia,282,fz4dwq,1586637640.0,johnyleonard,,2020-04-12 02:10:40
"After #ThooSmitaPrakashThoo, #ThooSudhirChaudharyThoo trends as Zee News shares fake coronavirus story",https://www.freepressjournal.in/india/after-thoosmitaprakashthoo-thoosudhirchaudharythoo-trends-as-zee-news-shares-fake-coronavirus-story,6,AskIndia,138,fz7fqo,1586647404.0,Ib90,,2020-04-12 04:53:24
Please report these youtube channels that promote sexual content in disguise and harm our kids.,https://www.reddit.com/r/india/comments/fyy7sl/please_report_these_youtube_channels_that_promote/,131,AskIndia,614,fyy7sl,1586615794.0,imastudentt,"These channels in Hindi are promoting in Sexual content in disguise. If you search ""Drawing in Hindi"" these channels will come up.

https://www.youtube.com/channel/UCpvNeIIWLC-_3G20slQ1s6w

Also this

https://www.youtube.com/channel/UC5O3li9GfHtm35nkfs0LhAQ

These kinda people are enemies of humanity. For the sake of some money they are harming our children. Please report their channels to youtube and as ""child endangerment"".

Thank you.",2020-04-11 20:06:34
MP: TikTok user Samir Khan who mocked face mask in video tests positive for Coronavirus,https://news.abplive.com/videos/news/india-mp-tiktok-user-samir-khan-who-mocked-face-mask-in-video-tests-positive-for-coronavirus-1195225,52,AskIndia,387,fz0bql,1586623195.0,Ku_hu,,2020-04-11 22:09:55
Got an invitation to join a RW sub. Will have to pass on the offer cos i can't handle the heat!,https://i.redd.it/b7yvnw7bu7s41.jpg,93,AskIndia,95,fz8vhf,1586651482.0,AZ-5_GoBoom,,2020-04-12 06:01:22
Ratan Tata issues clarification on fake news circulated on WhatsApp after Zee News and other media outlets face public shaming for false reporting,http://www.jantakareporter.com/india/ratan-tata-issues-clarification-on-fake-news-circulated-on-whatsapp-after-zee-news-and-other-media-outlets-face-public-shaming-for-false-reporting/287350/,2,AskIndia,119,fz6pqq,1586645246.0,Ib90,,2020-04-12 04:17:26
"RSS had no permission to help at check posts, Telangana Police clarify as photos go viral",https://indianexpress.com/article/cities/hyderabad/rss-had-no-permission-to-help-at-check-posts-telangana-police-clarify-as-photos-go-viral-6358231/,9,AskIndia,74,fza4yq,1586653941.0,india_ko_vanakkam,,2020-04-12 06:42:21
Testing Kit Consignment meant for India diverted to USA.,https://www.thenewsminute.com/article/rapid-test-kits-not-reached-us-yet-got-diverted-us-tamil-nadu-chief-secy-122382?utm_campaign=fullarticle&utm_medium=referral&utm_source=inshorts,19,AskIndia,80,fz8y9x,1586651695.0,sozerotrozero,,2020-04-12 06:04:55
"Needed a webcam for meetings. Applied jugaad DIY skills and made one using old laptop parts, electrical tape and sheer desperation.",https://i.redd.it/yd45ir51x5s41.jpg,49,AskIndia,243,fz1p4f,1586628183.0,obelisque,,2020-04-11 23:33:03
Married couple reaches out to the police over cheating in game while playing Ludo.,https://www.livehindustan.com/uttar-pradesh/story-husband-wife-playing-ludo-in-lockdown-after-dishonesty-both-reached-the-police-station-covid19-coronavirus-farrukhabad-3142674.html,23,AskIndia,99,fz62wp,1586643207.0,almostlikeu,,2020-04-12 03:43:27
Amit Malviyaâ€™s fake news fountain: 16 pieces of misinformation spread by the BJP IT cell chief,https://amp.scroll.in/article/952731/amit-malviyas-fake-news-fountain-16-pieces-of-misinformation-spread-by-the-bjp-it-cell-chief?__twitter_impression=true,1,AskIndia,93,fz64oa,1586643370.0,dheerajdeekay,,2020-04-12 03:46:10
Never-seen-before!,https://i.redd.it/aflrany808s41.jpg,1,AskIndia,45,fz9u4j,1586653508.0,Neglectedsince1994,,2020-04-12 06:35:08
"In 13 states, NGOs fed more people than govt did during lockdown",https://www.indiatoday.in/amp/india/story/in-13-states-ngos-fed-more-people-than-govt-during-coronavirus-lockdown-1665111-2020-04-09?fbclid=IwAR2lsUbiwKhZ8E1yUBlJkM_aKEZ7U2OEv9etORGQrDAbH55YmqtX3sCcrLw&__twitter_impression=true,22,AskIndia,339,fyy2yr,1586615229.0,india_ko_vanakkam,,2020-04-11 19:57:09
"Punished for Flouting Lockdown, Foreigners Strolling in Rishikesh Ordered to Write 'I'm Sorry' 500 Times",https://www.news18.com/news/india/foreigners-punished-to-write-i-am-sorry-500-times-for-strolling-in-rishikesh-despite-lockdown-2574001.html,9,AskIndia,42,fzbcmi,1586656032.0,seethingsasquatch,,2020-04-12 07:17:12
'Daughter did not die of hunger': Jharkhand coupleâ€™s thumb impression taken on paper,https://indianexpress.com/article/india/daughter-did-not-die-of-hunger-jharkhand-couples-thumb-impression-taken-on-paper-6358160/,1,AskIndia,45,fza9zl,1586654307.0,verybadbot,,2020-04-12 06:48:27
Karnataka BJP MLA Throws Mega Birthday Bash Amid COVID-19 Lockdown,https://www.ndtv.com/south/karnataka-bjp-mla-throws-mega-birthday-bash-amid-covid-19-lockdown-2209863?amp=1&akamai-rum=off&__twitter_impression=true,42,AskIndia,501,fyvxiw,1586605985.0,hipporama,,2020-04-11 17:23:05
"Rapid test kits from China not reached us yet, got diverted to US: TN Chief Secy",https://www.thenewsminute.com/article/rapid-test-kits-china-not-reached-us-yet-got-diverted-us-tamil-nadu-chief-secy-122382,7,AskIndia,46,fz95gi,1586652271.0,india_ko_vanakkam,,2020-04-12 06:14:31
My Dalgone Recipe,https://i.imgur.com/o2TOVqc.jpg,9,AskIndia,50,fz8gpm,1586650315.0,devgrv,,2020-04-12 05:41:55
Can we use binary search in India?,https://i.redd.it/uc3mr4goy7s41.jpg,28,AskIndia,40,fz9fom,1586652963.0,dlisfyn,,2020-04-12 06:26:03
Indian Scientists' Response to COVID-19 (ISRC) issues statement against demonization of Muslims due to Jamaat event,https://indscicov.in/about-isrc/for-public/public-statements/,0,AskIndia,45,fz9alw,1586652674.0,Brokenteethequalcaps,,2020-04-12 06:21:14
IMF Inducts Raghuram Rajan To Key Advisory Panel,https://www.ndtv.com/india-news/imf-inducts-raghuram-rajan-to-key-advisory-panel-on-coronavirus-2209799?amp=1&akamai-rum=off,36,AskIndia,428,fyw9h0,1586607379.0,The_andh_bhakth,,2020-04-11 17:46:19
"Rapid test kits not reached us yet, got diverted to US: Tamil Nadu Chief Secy",https://www.thenewsminute.com/article/rapid-test-kits-not-reached-us-yet-got-diverted-us-tamil-nadu-chief-secy-122382,2,AskIndia,52,fz7pgn,1586648211.0,UdanChhoo,,2020-04-12 05:06:51
TIL Gujarat has the second worst hospital beds to people ratio in the country,https://www.reddit.com/r/india/comments/fz7jd8/til_gujarat_has_the_second_worst_hospital_beds_to/,7,AskIndia,48,fz7jd8,1586647715.0,gaukluxklan,"Only Bihar is worse. States that lie below the national average (0.55 beds per 1000 population) include Bihar, Jharkhand, Gujarat, Uttar Pradesh, Andhra Pradesh, Chhattisgarh, Madhya Pradesh, Haryana, Maharashtra, Odisha, Assam and Manipur. These 12 states together account for close to 70% of the total population in India. [COVID-19 | Is Indiaâ€™s health infrastructure equipped to handle an epidemic?](https://www.brookings.edu/blog/up-front/2020/03/24/is-indias-health-infrastructure-equipped-to-handle-an-epidemic/)",2020-04-12 04:58:35
"Ratan Tata himself issuing a statement to state that a rather popular, family group friendly WhatsApp forward isn't for real.",https://twitter.com/RNTata2000/status/1248850442030907398,27,AskIndia,178,fyzq4e,1586621132.0,PuneriPerson,,2020-04-11 21:35:32
"""Straightforward Yes"": Raghuram Rajan On Return To India If Asked To Help",https://www.ndtv.com/india-news/coronavirus-straightforward-yes-says-raghuram-rajan-on-return-to-india-if-asked-to-help-during-covid-2209912,10,AskIndia,248,fyxb9y,1586612048.0,thecrazyhuman,,2020-04-11 19:04:08
"Only Donations to PM CARES, not CM Relief Fund, Counts as CSR: Corporate Affairs Ministry",https://thewire.in/government/corporate-affairst-ministry-csr-pm-cares-cm-relief-fund,13,AskIndia,31,fz9ih6,1586653070.0,dlisfyn,,2020-04-12 06:27:50
"PM Has Taken Correct Decision To Extend Lockdown, Tweets Arvind Kejriwal",https://www.ndtv.com/india-news/pm-has-taken-correct-decision-to-extend-lockdown-tweets-arvind-kejriwal-2210068,22,AskIndia,106,fz1ss2,1586628561.0,deadbroccoli,,2020-04-11 23:39:21
"In some positive news today, the six-month-old who tested positive for Covid-19 in Kalyan was discharged from Kasturba Hospital. She was welcomed by the entire residential society.",https://twitter.com/MumbaiMirror/status/1249016198341079040?s=19,2,AskIndia,27,fzbawz,1586655970.0,AlternativeDrop6,,2020-04-12 07:16:10
COVID-19 cases in India.,https://i.redd.it/n6e3ok2r78s41.png,8,AskIndia,25,fzbi73,1586656243.0,xataari,,2020-04-12 07:20:43
Gas Cylinder delivered from agency left in Sunlight after cleaned by Dettol water to avoid Corona.,https://i.imgur.com/LV2HtBD.jpg,58,AskIndia,206,fyxm5w,1586613327.0,pchetan2,,2020-04-11 19:25:27
"Over a hundred defy Covid-19 lockdown, gather for Friday namaz in Bengal district",https://www.hindustantimes.com/india-news/over-a-hundred-defy-covid-19-lockdown-gather-for-friday-namaz-in-bengal-district/story-abzPWSAGuyDozBxhFFU5VL.html,1,AskIndia,69,fz3pm3,1586635379.0,ajayshinde74,,2020-04-12 01:32:59
"Another Indore Doctor, Who Tested COVID-19 Positive 3 Days Ago, Dies At MP Hospital",https://www.outlookindia.com/website/story/india-news-indore-doctor-who-tested-covid-19-positive-3-days-ago-dies-at-mp-hospital/350460,2,AskIndia,21,fzcm0i,1586657775.0,AlternativeDrop6,,2020-04-12 07:46:15
Lockdown in Maharashtra extended till April 30,https://mobile.twitter.com/livemint/status/1248942222218674179,10,AskIndia,67,fz3jy8,1586634850.0,saranshhhh,,2020-04-12 01:24:10
"Sarpanch Leads Namaz in Madhya Pradesh Mosque Amid Lockdown, Held With 40 Others",https://www.news18.com/news/india/sarpanch-leads-namaz-in-madhya-pradesh-mosque-amid-lockdown-held-with-40-others-2573261.html,7,AskIndia,170,fyy8jl,1586615876.0,suicidethrw,,2020-04-11 20:07:56
I'm going crazy sitting inside my house.,https://www.reddit.com/r/india/comments/fz7rqj/im_going_crazy_sitting_inside_my_house/,28,AskIndia,29,fz7rqj,1586648394.0,MadGenius404,"Yes you read it right!!! I'm literally going crazy sitting and doing nothing inside my house. My family is also a really big problem, I can't have private space in my house. My house has 4 rooms but we are 5 people and everyone needs a room to themselves but when I ask for one they look at me like I've Massacred an entire community.

My mother on the other hand is on another level she verbally abuses anyone without any reason and she said stupid things to me yesterday to make things worst, I won't talk to her till she apologizes.

Plus whenever I'm watching my mobile phone with earphones in, everyone starts acting like they know what I'm listening which makes me anxious and leads me to take off my earphones.

WHEREVER I GO SOMEONE WILL BE STARING AT ME, MAKING ME NERVOUS.

I can't take walk outside either due to this Pandemic. By the time this lockdown crap ends I'm gonna live my life in an Asylum.",2020-04-12 05:09:54
Coronavirus crisis: Akshay Kumar donates Rs 3 crore to Mumbai's municipal corporation for PPE,https://www.indiatoday.in/movies/celebrities/story/coronavirus-crisis-akshay-kumar-donates-rs-3-crore-to-mumbai-s-municipal-corporation-for-ppe-1665361-2020-04-10,50,AskIndia,325,fyv1jv,1586602330.0,harddisc,,2020-04-11 16:22:10
Late Night Random Discussion Thread !,https://www.reddit.com/r/india/comments/fz7w25/late_night_random_discussion_thread/,1477,AskIndia,28,fz7w25,1586648729.0,oxythebot,"^Beep ^Boop ^Bot, ^I ^am ^a ^bot! ^if ^any ^problem ^askaway ^my ^creator",2020-04-12 05:15:29
Male Nurse Attending To COVID-19 Patients Dies In Kerala Road Accident; CM Pays Tribute,https://www.outlookindia.com/website/story/india-news-nurse-attending-to-covid-19-patients-dies-in-kerala-road-mishap-cm-pays-tribute/350529,0,AskIndia,20,fzcjxy,1586657697.0,AlternativeDrop6,,2020-04-12 07:44:57
"Flouting Lockdown Rules, Hundreds Served Biryani at Karnataka BJP MLA's Birthday Bash in Tumkuru",https://www.news18.com/amp/news/politics/flouting-lockdown-rules-hundreds-served-biryani-and-cake-at-karnataka-bjp-mlas-birthday-bash-2573233.html,38,AskIndia,333,fyu2k6,1586598822.0,pramodc84,,2020-04-11 15:23:42
Fallen Heroes!,https://i.redd.it/it6utfwzs4s41.jpg,9,AskIndia,146,fyxyhh,1586614734.0,Neglectedsince1994,,2020-04-11 19:48:54
I cant take my fatherâ€™s physical abuse anymore. How do I get independent!?,https://www.reddit.com/r/india/comments/fz0x1f/i_cant_take_my_fathers_physical_abuse_anymore_how/,39,AskIndia,86,fz0x1f,1586625359.0,-corona-virus-,"I am a 25 years old guy and my father just abused and hit me. 

I work for him because its a family business and I wanna get out of this toxicity. I just cant take it anymore. I feel like killing myself and ending this misery. I have a bachelors degree in Mass media and no othe work experience. What are my options!? I am genuinely looking for some worthy advice regards to making a carrer and getting out of my house for good. Iâ€™d rather stay in a small hut than stay here and suffer his abuse every few months. 

What are my options!?

Edit: I do make 20-30k per month by doing remote work so I can make ends meet but I am looking for something which can support me in the long term. I can be patient. I have suffered for a long time and I can probably suffer some more before I get onto something. Thatâ€™s the price Iâ€™m willing to pay.",2020-04-11 22:45:59
"Unable to Sell Produce Due to Lockdown, Farmer Commits Suicide in Karnataka",https://www.news18.com/news/india/unable-to-sell-produce-due-to-lockdown-farmer-commits-suicide-in-karnataka-2571783.html,52,AskIndia,252,fyv72s,1586602957.0,cncrndctzn2,,2020-04-11 16:32:37
"India beats other nations in Covid response: Study India fares better as compared to other countries such as the United States, Germany, Italy, Spain, South Korea and Britain in the Oxford Covid-19 Government Response Tracker (OxCGRT)",https://timesofindia.indiatimes.com/india/india-beats-other-nations-in-covid-response-study/articleshow/75089755.cms,8,AskIndia,15,fzeq8j,1586660737.0,Nawin1993,,2020-04-12 08:35:37
Telangana extends lockdown till 30th April with possibilities for further extension in phases,https://www.hindustantimes.com/india-news/telangana-extends-covid-19-lockdown-till-april-30/story-Ax0OPt09BkQvbgJaQ5tuGL.html,0,AskIndia,20,fzaa0r,1586654309.0,everybodylies7,,2020-04-12 06:48:29
"2 More Weeks Of COVID-19 Lockdown, PM Modi And States Agree In Meeting",https://www.ndtv.com/india-news/pm-modi-agrees-with-states-that-lockdown-should-be-extended-till-april-30-2210069,3,AskIndia,69,fz20fi,1586629321.0,deadbroccoli,,2020-04-11 23:52:01
"India gets ready to send anti malarial drug to 13 countries including US, Spain and Germany",https://www.financialexpress.com/defence/india-gets-ready-to-send-aid-to-13-countries-including-neighbourhood/,0,AskIndia,10,fzh1yi,1586663979.0,winstonleo,,2020-04-12 09:29:39
"'Concentrate on Attacking the Virus', Says DUJ After UP Police Serve Notice on The Wire",https://thewire.in/media/duj-up-police-notice-the-wire/amp/?__twitter_impression=true,2,AskIndia,15,fzd36u,1586658448.0,hammyhammad,,2020-04-12 07:57:28
"Modi had trapped himself in a corner, then coronavirus arrived to save the day for him",https://theprint.in/opinion/modi-had-trapped-himself-in-a-corner-then-coronavirus-arrived-to-save-the-day-for-him/399636/,35,AskIndia,191,fyvv58,1586605716.0,TWO-WHEELER-MAFIA,,2020-04-11 17:18:36
"Restaurant-owners feed 10,000+ people every day",https://bangaloremirror.indiatimes.com/bangalore/others/restaurant-owners-feed-10000-people-every-day/articleshow/75088657.cms,1,AskIndia,120,fyxsod,1586614093.0,virus-throwaway2020,,2020-04-11 19:38:13
Can you suggest some web series suitable for family viewing?,https://www.reddit.com/r/india/comments/fz70kt/can_you_suggest_some_web_series_suitable_for/,32,AskIndia,24,fz70kt,1586646138.0,thegodfather0504,"I just showed my family ""Panchayat"" Which they absolutely loved. So much that they forgave the occasional curse words. 

Now is a really good time to get them out of the shitty tv garbage's clutches. So i am looking for more light hearted series that they can watch. In fact, i wish they keep censored versions of shows available with the uncensored ones. Because the 15 minutes of gang of wasseypur they saw once on doordarshan, they were really digging the story.

Too much violence and curse words is a dealbreaker. Any suggestions?

Edit: Spelling.",2020-04-12 04:32:18
"Aggressive testing, contact tracing, cooked meals: How the Indian state of Kerala flattened its coronavirus curve",https://www.washingtonpost.com/world/aggressive-testing-contact-tracing-cooked-meals-how-the-indian-state-of-kerala-flattened-its-coronavirus-curve/2020/04/10/3352e470-783e-11ea-a311-adb1344719a9_story.html?fbclid=IwAR2VvfYQIJtwEwM90MHE97-0r5Xcmif-lEhngOvWVpq2mxa2TIKag-PKTLA,8,AskIndia,71,fz0gfa,1586623655.0,eyeing,,2020-04-11 22:17:35
Appeal to SC to declare PM-Cares Fund â€˜illegalâ€™,https://m.telegraphindia.com/india/coronavirus-outbreak-appeal-to-sc-to-declare-pm-cares-fund-illegal/cid/1763929?utm_source=facebook&utm_medium=social&utm_campaign=tt_daily,2,AskIndia,63,fz0yz7,1586625565.0,azemda,,2020-04-11 22:49:25
"2 Dead, 4 Missing After Ash Leak From Reliance Power Plant In Madhya Pradesh",https://www.ndtv.com/india-news/5-missing-after-toxic-ash-leak-from-reliance-power-plant-in-madhya-pradesh-singrauli-2209878,4,AskIndia,108,fyxsqy,1586614099.0,deadbroccoli,,2020-04-11 19:38:19
Same old: Amit Malviya shares fake ICMR 'report' claiming that lockdown prevented lakhs of COVID-19 cases,https://www.freepressjournal.in/india/same-old-amit-malviya-shares-fake-icmr-report-claiming-that-lockdown-prevented-lakhs-of-covid-19-cases,4,AskIndia,14,fzad31,1586654527.0,sudden_dust,,2020-04-12 06:52:07
"17 Ludhiana cops, Judge quarantined as arrested vehicle-lifter tests positive for coronavirus | The 24-year-old vehicle-lifter was among the two covid-19 positive cases reported in the city on Thursday. The man was caught with a stolen motorcycle.",https://www.news18.com/news/india/17-ludhiana-cops-judge-quarantined-as-arrested-vehicle-lifter-tests-positive-for-coronavirus-2572239.html,3,AskIndia,46,fz2it1,1586631212.0,AlternativeDrop6,,2020-04-12 00:23:32
"Fearing massive financial and job losses, the #Indian alcoholic beverage industry has asked the #Centre and state governments to chalk out a plan and allow opening of distilleries and bottling plants in a phased manner.",https://twitter.com/ians_india/status/1248967232895381510,7,AskIndia,28,fz5c62,1586640824.0,aviakki1,,2020-04-12 03:03:44
Short film: looting farmers at the Mandi,https://ruralindiaonline.org/articles/short-film-looting-farmers-at-the-mandi/,0,AskIndia,15,fz941b,1586652156.0,cncrndctzn2,,2020-04-12 06:12:36
These so called grocery apps.,https://www.reddit.com/r/india/comments/fz6429/these_so_called_grocery_apps/,12,AskIndia,22,fz6429,1586643313.0,marathi_manus,"Purchasing grocery online using apps like grofers, big basket etc has became more daunting task than booking tatkal on irctc app.

#fact

On other hand, ur local kirana shop is really helping.",2020-04-12 03:45:13
Really disturbing trending # on twitter India,https://www.reddit.com/r/india/comments/fz6zaf/really_disturbing_trending_on_twitter_india/,10,AskIndia,20,fz6zaf,1586646048.0,palryan95,"I just saw this hashtag trending: https://twitter.com/search?q=%23My_Money_My_Choice&src=trend_click
and i feel like we are really progressing fast from 1930 Germany to 1935 and later Germany. I have seen a lot of disturbing trends on twitter earlier, but now things are getting real grim.",2020-04-12 04:30:48
"COVID-19: Data Shows West Bengal's Testing Is the Lowest Among Larger States. Though Mamata Banerjee's government has received praise for its measures, its testing has remained low.",https://thewire.in/government/west-bengal-covid-19-testing,3,AskIndia,30,fz44xt,1586636807.0,SquareCrab,,2020-04-12 01:56:47
Marriott Ahmedabad trying to spread smiles amidst lockdown,https://i.redd.it/28xcytzcr0s41.jpg,50,AskIndia,1105,fyjdoy,1586565789.0,wordswithmagic,,2020-04-11 06:13:09
It seems all is not well between Modi and Shah.,https://www.reddit.com/r/india/comments/fyxft4/it_seems_all_is_not_well_between_modi_and_shah/,74,AskIndia,98,fyxft4,1586612587.0,damnjimmie,"Since the start of lockdown, we can observe Amit shah is totally out of the loop. As per the procedure,now home ministry is one of the most important in current condition , but Amit shah who can confidently take press conferences unlike his guru is seen nowhere.

Was having a chat with a old friend who is a gujrat based journalist, he was saying that Modi dreams have got bigger and he is now aiming to become somewhat of a global icon and dreaming of a nobel prize like Obama , the reason we see him buttering international leaders like Trump and Jinping.Modi is also video conferencing other chief ministers and taking stock of this pandemic albeit in a very democratic manner.

Few months back, he has instructed party top brass to keep Hindu-Muslim politics aside as he will go for a image rebuilding in the coming years.
But Shah is Shah, his entire political career is based on communal politics, and he is quite dope on that and cannot survive if he doesn't do his regular drama. 

We can see the notorius UP police filing FIRs on news channels on false reporting of Tabliki jamaat attendees , it was an outcome of Modi giving a stern warning to party top brass to not give a communal twist to corona pandemic. 

Congress has a godfather culture ,where party leaders usually don't topple their godfather.
But BJP is quite opposite where there is a culture of outsmarting their gurus., be it Modi-advani, Gadkari-fadnavis, Shivraj-Vijayvargiya., Maybe Amit shah was also planning the same and was getting bigger for his shoes, hence his wings are getting clipped .",2020-04-11 19:13:07
10-Month-Old Girl Dies At COVID-19 Quarantine Centre In UP,https://www.ndtv.com/india-news/gorakhpur-10-month-old-girl-dies-at-covid-19-quarantine-centre-in-up-2209827,4,AskIndia,172,fyutdo,1586601597.0,harddisc,,2020-04-11 16:09:57
How long do you think the lockdown should/would be extended?,https://www.reddit.com/r/india/comments/fzd2bs/how_long_do_you_think_the_lockdown_shouldwould_be/,6,AskIndia,10,fzd2bs,1586658415.0,ajaysassoc,"So we are reaching the end of the originally assigned 21 day lockdown. But an extended seems to be the correct and proactive decision to take. How long do you think the lockdown should/would be extended?

[View Poll](https://www.reddit.com/poll/fzd2bs)",2020-04-12 07:56:55
"Pornography gets a pandemic boost, India reports 95 per cent rise in viewing",https://www.indiatoday.in/news-analysis/story/pornography-gets-a-pandemic-boost-india-reports-95-per-cent-rise-in-viewing-1665940-2020-04-11,3,AskIndia,15,fz8rwi,1586651188.0,sudden_dust,,2020-04-12 05:56:28
"Muslim Organisations Urge Home Minister to Stop 'Harassment' of Activists, Students",https://thewire-in.cdn.ampproject.org/v/s/thewire.in/politics/muslim-organisations-urge-home-minister-to-stop-harassment-of-activists-students/amp/?amp_js_v=a3&amp_gsa=1&usqp=mq331AQFKAGwASA%3D#referrer=https%3A%2F%2Fwww.google.com&amp_tf=From%20%251%24s&ampshare=https%3A%2F%2Fthewire.in%2Fpolitics%2Fmuslim-organisations-urge-home-minister-to-stop-harassment-of-activists-students,0,AskIndia,21,fz6wmi,1586645831.0,hammyhammad,,2020-04-12 04:27:11
"We cannot run away to moon, need to develop herd immunity: Epidemiologist",https://wap.business-standard.com/article-amp/current-affairs/we-cannot-run-away-to-the-moon-need-to-develop-herd-immunity-dr-muliyil-120040601232_1.html,14,AskIndia,39,fz2cwd,1586630593.0,silentr3b31,,2020-04-12 00:13:13
"Covid-19: â€˜Without any restrictions, India would have had 8.2 lakh cases by April 15,â€™ claims Centre",https://scroll.in/latest/958914/covid-19-without-any-restrictions-india-would-have-had-8-2-lakh-cases-by-april-15-claims-centre,4,AskIndia,15,fz95nc,1586652289.0,bookshearer,,2020-04-12 06:14:49
Council of ministers to resume work from offices on Monday | India News - Times of India,https://timesofindia.indiatimes.com/india/council-of-ministers-to-resume-work-from-offices-on-monday/articleshow/75098631.cms,2,AskIndia,9,fzebuy,1586660191.0,satyasys,,2020-04-12 08:26:31
"Coronavirus update: Maharashtra lockdown till April 30, CM warns may extend it even more - india news",https://www.hindustantimes.com/india-news/maharashtra-extends-covid-19-lockdown-till-april-30-3rd-state-to-do-so/story-eoi5kMzcIapCg9R5pS8oKO.html,0,AskIndia,24,fz4ibx,1586638062.0,de_redditor,,2020-04-12 02:17:42
Punjab: Muslims Families Hide in Riverbed After Being Driven From Hoshiarpur Villages,https://thewire.in/communalism/punjab-muslims-families-hide-in-riverbed-after-being-driven-from-hoshiarpur-villages,3,AskIndia,20,fz4row,1586638891.0,iSalaamU,,2020-04-12 02:31:31
Does Aarogya Setu app enabling bluetooth for everyone's phone by itself?,https://www.reddit.com/r/india/comments/fzaeqe/does_aarogya_setu_app_enabling_bluetooth_for/,3,AskIndia,14,fzaeqe,1586654643.0,hungry4va,"Currently I have only given it location permission when the app is in use, but I have started noticing that my bluetooth turns on after 2 mins of me switching it off. Is this app the reason? If not, how do I find which app is causing it?",2020-04-12 06:54:03
Found my autograph diary while going through some of my old stuff. Here is Dr Kalam's autograph I took 16 years ago.,https://i.redd.it/ko5pldcvgyr41.jpg,198,AskIndia,5870,fyc817,1586538002.0,scorp110,,2020-04-10 22:30:02
Do you know someone at Eureka Forbes? I need to contact them regarding a security issue.,https://www.reddit.com/r/india/comments/fz3rbz/do_you_know_someone_at_eureka_forbes_i_need_to/,4,AskIndia,27,fz3rbz,1586635538.0,purplex21,"I am a security researcher and had observed a security issue on Eureka Forbes' website. If you have your phone number linked/registered with Eureka Forbes, I can login to your account and view/edit you Name, Address, Email and also view details like Invoices, AMC details, Order details, etc.

I tried to contact them over phone and email, but never got a reply. Later I communicated CERT-IN about this issue. I provided all the required details to them over email during our communication, but later stopped receiving emails from them.

I wrote a blog-post about this, just so that it becomes public and someone from Eureka Forbes contacts me / fixes the issue. I have not provided any technical details in the blog for exploiting this issue, fearing people will start abuse this. I just want to get this issue fixed to save the personal details of 20 million users, not harm Eureka Forbes or its data. Link to blog: https://bhumishgajjar.wordpress.com/2020/04/11/your-eureka-forbes-account-can-easily-be-hacked/

If you know someone at Eureka Forbes or have any advice on how to proceed, please comment/DM.",2020-04-12 01:35:38
Bihar lady carries baby in arms.,https://www.reddit.com/r/india/comments/fyxg09/bihar_lady_carries_baby_in_arms/,16,AskIndia,83,fyxg09,1586612613.0,sparshgunner12,"So just saw a video where a lady in Bihar carried her baby for several kilometres to several hospitals who refused to admit her. The baby died in her arms.
I think India is the only country where more people are going to die of the stupidity around coronavirus than coronavirus itself.",2020-04-11 19:13:33
"Trai Makes Set-Top Interoperability Mandatory, DTH Operators Have 6 Months to Adopt New Standards",https://telecomtalk.info/trai-stb-interoperability-mandatory-india/258576/,2,AskIndia,13,fz7uh0,1586648604.0,sharjeelsayed,,2020-04-12 05:13:24
Whats up with the weird face Indians make in Tik Toks?,https://www.reddit.com/r/india/comments/fz8dfo/whats_up_with_the_weird_face_indians_make_in_tik/,25,AskIndia,16,fz8dfo,1586650070.0,CrasterMumble,"Hello r/India!

Non Indian here. Recently ive seen a lot of Tik Toks on Instagram where you see (for example) a kid being bullied and then ""saved"" by a man.

And then. Both of them pull these weird faces like their some kind of demon or something (White eyes and lips in a V shape) 

https://youtu.be/nbiTRxUFIBo

Ive seen multiple of these kind of video's now. Is this just comedy or do people really think its cool? Is it a trend?

Explain pls im very curious.

Edit: apparently its just one Guy who makes these video's. Pls dont feel offended I'm not generalizing",2020-04-12 05:37:50
"If India has started aggressive community testing, then why our cases are only increasing by mere 300-500 everyday?",https://www.reddit.com/r/india/comments/fz4s5q/if_india_has_started_aggressive_community_testing/,16,AskIndia,21,fz4s5q,1586638939.0,I_can_believe_that,"I mean, in South Korea they started community testing during 1st week of March, when one infected woman visited church, that single incident alone lead to 7,000 cases. 

When Germany and other European countries started implementing community testing their cases spiked up to over 100,000 in a matter of days, each day they got over 5000 cases. 

Thatâ€™s true for community testing in any country, a single person can spread to 100s of other people.

Some people might argue that weâ€™ve lockdown....but In India, weâ€™ve had several major incidents before the lockdown, which increased our cases, yet weâ€™re getting only few 100s of cases each day. 

Even Kerala government is continuously saying theyâ€™re testing aggressively, then why arenâ€™t we seeing any results? Why Kerala isnâ€™t having over 10,000 cases by now if theyâ€™re testing for community transmission? 

Our low number of cases make it seem like we arenâ€™t doing anything close to community testing...",2020-04-12 02:32:19
Shipments of serological test kits have not arrived in India yet. At least 5 deadlines have been missed. We have no option but to do RT PCR tests in clusters instead of rapid testing: ICMR Sources.,https://mobile.twitter.com/CNNnews18/status/1248554268702826499,13,AskIndia,163,fyu5xz,1586599206.0,india_ko_vanakkam,,2020-04-11 15:30:06
Lockdown home preps,https://www.reddit.com/r/india/comments/fzgh14/lockdown_home_preps/,0,AskIndia,8,fzgh14,1586663175.0,lawanda123,"Just a small question at the back of my mind.

I'm right now in an area that's been sealed off. We (me and 2 very elderly parents age ~75 ) have enough food for maybe 2 months worth if stretched and medicines (insulin mostly) for the same along with a basic first aid kit. In our area ever since the barricades were put up it's been hard to access any groceries/paper cash. I'm really hoping for this to get better soon but wanted to understand from everyone else here how they're prepping. What's are things i should get once the containtment lifts? What are your preps for the lockdown? 

Thankfully I still have my high paying wfh job but have no savings, I'll be acting upon that next 2 months.Any other preps that come to mind?",2020-04-12 09:16:15
"Parents of Army Hero Forced to Drive 2,000 km for His Last Rites",https://www.thequint.com/news/india/coronavirus-lockdown-colonel-navjot-singh-bal-parents-gurugram-to-bengaluru-drive,5,AskIndia,67,fyy9rv,1586616025.0,Neglectedsince1994,,2020-04-11 20:10:25
"No electricity in my house but the 0w bulb is glowing, even the power meter doesn't show any power",https://www.reddit.com/r/india/comments/fz2ppt/no_electricity_in_my_house_but_the_0w_bulb_is/,22,AskIndia,27,fz2ppt,1586631885.0,BeatMall,"There's no electricity in my house since yesterday, all my neighbours have it.

I have checked the MCBs, they aren't tripped, I have checked the main fuse, the fuse wire is intact, but there is no power in the electrical meter.

What amazes me is, nothing is working in my house but the 0w bulb does. I don't know why it is working.

I want to know what could be a possible problem with the electricity? And how is the 0w bulb glowing?

I have registered a complaint. I have also tweeted about it on Twitter on mvvnl. Please help.

Edit: Called an electrician, he saw and told that the wire going inside the meter was loose. He then fixed it. Thanks everyone.",2020-04-12 00:34:45
Village sarpanch slams Sonia Gandhi for giving credit of Bhilwara's Covid-19 model to Rahul Gandhi,https://m.timesofindia.com/india/village-sarpanch-slams-sonia-gandhi-for-giving-credit-of-bhilwara-model-to-rahul-gandhi/amp_articleshow/75092209.cms,15,AskIndia,72,fyy4p9,1586615422.0,harddisc,,2020-04-11 20:00:22
"Going through photos, here is a Great Horn bill taken in Manas National park, Assam/Bhutan. Taken on a nikon D750 DSLR. 17.8Mega pixles. 5165x3448 resolution",https://www.reddit.com/r/india/comments/fzfcua/going_through_photos_here_is_a_great_horn_bill/,1,AskIndia,6,fzfcua,1586661616.0,atoano44,"&#x200B;

https://preview.redd.it/y1dcpn2fo8s41.jpg?width=5165&format=pjpg&auto=webp&s=54a2a4d063afe54cd0b2ed9e00b7f336312a4873",2020-04-12 08:50:16
"Coronavirus Pandemic: Claps, Candles And Diya But No PPE And Masks For The Doctors",https://www.inventiva.co.in/stories/nandini/coronavirus-pandemic-claps-candles-and-diya-but-no-ppe-and-masks-for-the-doctors/,1,AskIndia,13,fz6mwp,1586645005.0,hauntin,,2020-04-12 04:13:25
I am available 24/7: Modi to CMs,https://www.outlookindia.com/newsscroll/i-am-available-247-modi-to-cms/1798880,2,AskIndia,10,fz9vlr,1586653565.0,BeefJumlaPakistan,,2020-04-12 06:36:05
"The male, female and pollen behind J&K order to chop 'Covid-19' trees",https://theprint.in/theprint-essential/the-male-female-and-pollen-behind-jk-order-to-chop-covid-19-trees/397820/,1,AskIndia,11,fz9o82,1586653289.0,chija,,2020-04-12 06:31:29
Help wanted - Just found out my wife is pregnant for the first time!,https://www.reddit.com/r/india/comments/fyx2y9/help_wanted_just_found_out_my_wife_is_pregnant/,31,AskIndia,80,fyx2y9,1586611015.0,throwaway841009,"Well, as much as I hate doing things which are cliches - seems like this cliche worked in my favor. We had been trying for the past year or so but the lockdown kinds of sealed the deal. 

&#x200B;

So, I have some pretty noob questions. 

&#x200B;

1) Any extra precautions that I need to take with respect to Covid-19

&#x200B;

2) When should one start getting emotionally attached to the \*thing\*? I mean - I don't want to be disappointed in case of a miscarriage / other complications. I am actively avoiding calling it a \*baby\* so as to not to form a bond. 

&#x200B;

3) Any specific stuff that I need to procure during the lockdown? (I am in Rajasthan where it has been extended till May 1st). 

&#x200B;

A funny story to add: When my wife told me about that she missed her period - I was in my bathroom smoking a joint. I was so scared / surprised - I told her I was shitting and we should talk later.",2020-04-11 18:46:55
Distribute FCI stocks among poor: Owaisi,https://www.thehindu.com/news/national/telangana/distribute-fci-stocks-among-poor-owaisi/article31311659.ece,0,AskIndia,8,fzavp8,1586655378.0,thestreetsareours,,2020-04-12 07:06:18
Migrants Seeking To Go Home Amid Lockdown Set Vehicles On Fire In Gujarat,https://www.ndtv.com/india-news/migrants-in-surat-seeking-to-return-home-amid-lockdown-set-vehicles-on-fire-2209859?amp=1&akamai-rum=off&__twitter_impression=true,20,AskIndia,86,fywofb,1586609216.0,hipporama,,2020-04-11 18:16:56
"""Sorry, I should have inquired about you earlier. You are part of Bangaluru. Call us and fear not..."" Bhaskar Rao, Commissioner of Police",https://twitter.com/deepolice12/status/1248948496578707456?s=19,1,AskIndia,5,fzgusd,1586663700.0,wordswithmagic,,2020-04-12 09:25:00
"Donations to CM Relief Fund donâ€™t qualify as CSR, but to PM CARES Fund do: Centre",https://www.thenewsminute.com/article/donations-cm-relief-fund-don-t-qualify-csr-pm-cares-fund-do-centre-122363?amp&__twitter_impression=true,9,AskIndia,31,fz24ms,1586629740.0,hipporama,,2020-04-11 23:59:00
How Bollywood Normalised Rape Culture | BuzzFeed India,https://www.youtube.com/watch?v=0mfgjLttbcA,49,AskIndia,197,fys28q,1586591719.0,InternationalForm3,,2020-04-11 13:25:19
"Ah, now the govt needs NGOs, does it?",https://www.deccanherald.com/opinion/second-edit/ah-now-the-govt-needs-ngos-does-it-823917.html,4,AskIndia,100,fyvmyu,1586604760.0,plshelpthedog,,2020-04-11 17:02:40
nature at it's best during quarantine .,https://www.youtube.com/watch?v=3pF1sU2vZ0w,2,AskIndia,14,fz69c0,1586643766.0,karanxa,,2020-04-12 03:52:46
Army loses elite Commando; 'red-tapism' compels parents to travel 2000 km by road for last rites,https://www.newindianexpress.com/nation/2020/apr/10/army-loses-elite-commando-parents-compelled-to-travel-2000-km-by-road-for-last-rites-due-to-lockdown-2128459.html,4,AskIndia,41,fz0ay8,1586623122.0,morlock77,,2020-04-11 22:08:42
Corona Virus Tracking,https://www.reddit.com/r/india/comments/fzahuy/corona_virus_tracking/,5,AskIndia,7,fzahuy,1586654836.0,warlock1620,"How do you people feel about government tracking? I know South Korea, China, Taiwan and Israel have used location data through apps to track infected people and inform everyone who might have come in contact with the infected. India is planning the same and on the other hand google and apple are working together to roll out a service for the same.",2020-04-12 06:57:16
"Gujarat horror: 13-year-old boy physically assaults, rapes 11 year old minor girl",https://www.timesnownews.com/mirror-now/crime/article/gujarat-horror-13-year-old-boy-physically-assaults-rapes-minor-girl/576559,36,AskIndia,93,fyvk38,1586604394.0,Shellynoire,,2020-04-11 16:56:34
T Series removed likes counter after receiving 400k dislikes on Masakali 2.0,https://i.redd.it/h9s5oji4w7s41.jpg,0,AskIndia,8,fz9376,1586652091.0,kingof-potatos,,2020-04-12 06:11:31
Coronavirus Hotspots in Thane | Containment Zone in Thane,https://selfbiohacks.com/coronavirus-hotspots-in-thane-containment-zone-in-thane/,0,AskIndia,5,fzf3kp,1586661253.0,Nishchay_Ghadge,,2020-04-12 08:44:13
YS Jagan Mohan Reddy's government removes state election commissioner through ordinance,https://www.hindustantimes.com/telangana/amid-covid-19-crisis-jagan-removes-state-election-commissioner-through-ordinance/story-QCbkaxl7D8LDq0zqzPkYQP.html,14,AskIndia,66,fyx65m,1586611420.0,arcygenzy,,2020-04-11 18:53:40
Liquor worth Rs 30K stolen from Bengaluru bar | Deccan Herald -,https://www.deccanherald.com/city/bengaluru-crime/liquor-worth-rs-30k-stolen-from-bengaluru-bar-823971.html,1,AskIndia,5,fzi10b,1586665406.0,redindian_92,,2020-04-12 09:53:26
Need help staying after 90 days.,https://www.reddit.com/r/india/comments/fz7frv/need_help_staying_after_90_days/,7,AskIndia,13,fz7frv,1586647406.0,Jenny-Flanagan,"My fiancÃ© came to India in January, and his 90 days gets over on the 29th April. Now I know that the lockdown is extended till the 30th, and so is his extension. What will happen after the 30th? Would any borders or are any borders currently open where he can go restamp his visa? His visa gets over on the 3rd June but 90 days limit is till 30th April midnight. I wanted to know if he can restamp his visa from any borders and then come back? And are there any apps that I can use to see which borders are closed and which arenâ€™t?",2020-04-12 04:53:26
At least 36 people linked to Mysuru pharma cluster test positive for coronavirus. | Mysuru police said that Japanese and Australian nationals visited the facility in Nanjangud in February and are probing if they were carriers of the coronavirus.,https://www.thenewsminute.com/article/least-36-people-linked-mysuru-pharma-cluster-test-positive-coronavirus-122381,0,AskIndia,10,fz6rlx,1586645406.0,AlternativeDrop6,,2020-04-12 04:20:06
Looking for Digital Comics creators (Artists & Writers),https://www.reddit.com/r/india/comments/fz4fbx/looking_for_digital_comics_creators_artists/,1,AskIndia,14,fz4fbx,1586637774.0,seedheart,"Hi!

I represent Kross Komics, which is India's first webcomics app. We launched on [Android](https://play.google.com/store/apps/details?id=com.krosskomics) in December 2019, and have been licensing digital comics from various global artists to serve them here in India. 

With a view to create original stories from India, we have launched a community program that can fast track your publishing ambitions. 

If you (or any of your friends) are interested, simply fill out this [form](https://docs.google.com/forms/d/1EUcBSkmyZLYR_5QsRJTFEEFYGdHXj_caTRsUO1Xj3HA/edit) and we'll get back to you with various on-boarding details. 

Have a nice day!",2020-04-12 02:12:54
"MHA in a letter to Chief Secy&DGP of West Bengal, ""It has been reported that police has been allowing religious congregations. Free ration has been distributed not through institutional delivery but by political leaders. This may have resulted in spread of COVID19 infection"".",https://twitter.com/ani/status/1248938833409957888?s=21,3,AskIndia,21,fz3bz2,1586634081.0,BabaGyaanchod,,2020-04-12 01:11:21
Video from Pak falsely linked with Hindu man's alleged murder by Muslim men in Rajasthan,https://www.altnews.in/video-from-pak-falsely-linked-with-hindu-mans-alleged-murder-by-muslim-men-in-rajasthan/?utm_source=website&utm_medium=social-media&utm_campaign=newpost,0,AskIndia,8,fz8nbc,1586650833.0,india_ko_vanakkam,,2020-04-12 05:50:33
The importance of testing - Capital leads the way!,https://i.redd.it/p3vix3etu4s41.jpg,22,AskIndia,49,fyy475,1586615363.0,Neglectedsince1994,,2020-04-11 19:59:23
Zee News Apologises for running fake news,https://i.redd.it/ozvjqvclo0s41.jpg,63,AskIndia,659,fyj2hy,1586564810.0,kingof-potatos,,2020-04-11 05:56:50
Recovery of Money,https://www.reddit.com/r/india/comments/fz4z1g/recovery_of_money/,20,AskIndia,15,fz4z1g,1586639581.0,broawayhelp,"Hi people of India
Back in Dec 2019 I lended around Rs 90,000 to a friend to help him during a personal crisis /family emergency. 
Its been few months now and he hasn't be extremely forthcoming with return of it. Now with passage of time there were some phone calls and things got a little heated also. In between all this anger he told me/ threatened me that even if I go to police they wouldn't hold him accountable. I have recorded phone calls for all transactions as well as whatsapp chat & account statement for same.

I know how dumb this sounds but he was good friend , genuinely facing a problem but now his behaviour has changed altogether. And I am also loosing my patience.
I asked him to get a personal loan but he has told me that Bank doesn't give loan on notarised rent agreement , they need registered agreement since he is currently out of his birth state.
Please help me in navigating this issue. 
Also would police really not help my cause.",2020-04-12 02:43:01
"Rapid testing haven't arrived yet, consignment diverted to US: Tamil Nadu chief secy",https://www.indiatoday.in/india/story/rapid-testing-not-arrived-yet-consignment-diverted-us-tamil-nadu-chief-secy-1665964-2020-04-11,3,AskIndia,9,fz8hxx,1586650408.0,promiscuous_bhisma,,2020-04-12 05:43:28
Monkeys Swimming in the pool during lockdown Mumbai,https://www.youtube.com/watch?v=lry7Oxz1mHY,2,AskIndia,11,fz7g9a,1586647448.0,mypirateapp,,2020-04-12 04:54:08
"Please, help maids and wage workers",https://www.reddit.com/r/india/comments/fywxrt/please_help_maids_and_wage_workers/,14,AskIndia,61,fywxrt,1586610357.0,polashdeb,"I see a lot of donation to govt. fund me for covid19 promotions. It's a great idea definitely. I have zero idea what and how they handle the donation money. How much goes to affected peoples and how much who works to collect it gets. But I say this here, there is no greater help than helping the affected directly in hand, with cold cash.

Facts why direct donation is the best:

* Instant result
* Credit goes to you, not authorities who collect the cash from you
* Lot of love from the receiver <3
* no fees, full money worth
* karma bonus points ;)
* helps keep starvation away
* more..

In this crisis times, 
they are the most affected, without work, money and lots of mouths to feed. Now most of them are penniless. This vast large number of people are isolated from our thinking bubble, living area, social bubble, social media. Where do they ask for help? Who hears their struggles! While they all just worked for our comfort, the mundane things we think we don't deserve to do! 

Our society just asked all residents to fire the maids, although i fired ours month ago with extra bonus obviously, she has two children's. I'm going to send her money again soon. I'm afraid how many lakh maid and wage worker families are starving right now. Again I have zero idea.

I urge you. Please do what you can.",2020-04-11 18:35:57
[AMA Request] From COVID-19 patient recovered or infected but under quarantine.,https://www.reddit.com/r/india/comments/fz2nf4/ama_request_from_covid19_patient_recovered_or/,0,AskIndia,22,fz2nf4,1586631655.0,spez666,"1. How did you get infected?

2. What are the symptoms to look out for?

3. How are you feeling now like respiratory problem, chest pain etc?

4. Did you also infect your family members?

5. Where are you kept under quarantine?

Thanks in advance",2020-04-12 00:30:55
Lockdown likely to continue for two more weeks as most states in favour of extension,https://economictimes.indiatimes.com/news/politics-and-nation/lockdown-likely-to-continue-for-two-more-weeks-as-most-states-in-favour-of-extension/articleshow/75095583.cms,3,AskIndia,12,fz51ly,1586639823.0,foshizelmynizzel,,2020-04-12 02:47:03
Diamond artisan arrested for rape of four-year-old girl in Surat,https://timesofindia.indiatimes.com/city/surat/diamond-artisan-arrested-for-rape-of-four-year-old-girl/articleshow/75073655.cms,1,AskIndia,21,fz1xww,1586629081.0,Hanuwoman,,2020-04-11 23:48:01
21 Positive COVID-19 Cases Sees Services at Delhi State Cancer Institute Suspended,https://www.news18.com/news/india/21-positive-covid-19-cases-sees-services-at-delhi-state-cancer-institute-suspended-2573937.html,0,AskIndia,10,fz7549,1586646504.0,DenseSpirit5,,2020-04-12 04:38:24
"""Sunset"" [1232x1840] Shot on Fujifilm Proplus ISO 200 35mm film using Canon EOS 300 film camera.",https://i.redd.it/pa0duxfau4s41.jpg,2,AskIndia,47,fyy3li,1586615294.0,exxentricity,,2020-04-11 19:58:14
"Indian CoronaWarriors alongside an Indian Air Force C-130J Super Hercules. Comprising of medical personnel & medical equipment to provide assistance to the State of Kuwait, as part of extension of Indiaâ€™s full support to friendly foreign nations.",https://i.redd.it/kt3vtli3e7s41.jpg,5,AskIndia,10,fz6z26,1586646031.0,vaish7848,,2020-04-12 04:30:31
Sudden Hydroxycholoroquine Shortage Is Forcing Indian Doctors To Make Tough Choices,https://www.huffingtonpost.in/entry/hydroxychloroquine-shortage-covid-coronavirus_in_5e8f4b6ac5b6b371812d5b02?fbclid=IwAR3eFMvxQmrOvuGWx03zQKU70D5ptmwJIxNuTeZE1NLsOzfhBXEuzpLHRRk,1,AskIndia,3,fziwkc,1586667056.0,funny_leone,,2020-04-12 10:20:56
'We Weren't Even Tested': Mystery Over Saharanpur Police's List of COVID-19 Patients Deepens,https://thewire.in/communalism/saharanpur-police-coronavirus-tablighi,3,AskIndia,23,fz1vta,1586628877.0,_Baazigar,,2020-04-11 23:44:37
How many atheists in the house?,https://www.reddit.com/r/india/comments/fz41rp/how_many_atheists_in_the_house/,26,AskIndia,16,fz41rp,1586636515.0,a_beautiful_soul_,"Just want to know how many of Indians here identify as atheists. Because IRL, I have seen that people are very hesitant to identify themselves as atheists.

[View Poll](https://www.reddit.com/poll/fz41rp)",2020-04-12 01:51:55
Villagers Turn Away Relatives as Virus Scare Grips Rural India,https://www.bloomberg.com/news/articles/2020-04-11/villagers-turn-away-relatives-as-virus-scare-grips-rural-india?srnd=premium-asia,1,AskIndia,50,fyxfww,1586612601.0,Crazy-Hog,,2020-04-11 19:13:21
Kerala tops among primary health centres in India,https://english.mathrubhumi.com/mobile/news/kerala/kerala-tops-among-primary-health-centres-in-india-1.4680804,5,AskIndia,78,fyv6l5,1586602900.0,element_guy,,2020-04-11 16:31:40
"From COVID-19 ward, 26-yr-old patient in TN writes 4 exams, completes course term. By April 6, when she was discharged, Laasya managed to complete her final exams and the second term of the course she is studying in another country.",https://www.thenewsminute.com/article/covid-19-ward-26-yr-old-patient-tn-writes-4-exams-completes-course-term-122276,2,AskIndia,52,fywzrr,1586610604.0,DenseSpirit5,,2020-04-11 18:40:04
"Madhya Pradesh Officers Accused Of Dodging COVID-19 Checks, Served Notice",https://www.ndtv.com/india-news/madhya-pradesh-officers-accused-of-dodging-covid-19-checks-served-notice-2207955,0,AskIndia,7,fz9519,1586652238.0,rig_vedic_sage,,2020-04-12 06:13:58
MHA objects to 'violation' of lockdown in West Bengal,http://m.timesofindia.com/articleshow/75096425.cms?utm_source=contentofinterest&utm_medium=text&utm_campaign=cppst,2,AskIndia,7,fz91os,1586651971.0,bookshearer,,2020-04-12 06:09:31
Govt to extend lockdown,https://www.timesnownews.com/india/article/national-lockdown-to-be-extended-by-two-weeks-with-certain-relaxations-govt-to-issue-guidelines-soon/576707,4,AskIndia,22,fz1qz1,1586628372.0,Engineer_Physicist,,2020-04-11 23:36:12
My school is forcing students to download the Arogya Setu app and threatening to take action if we don't comply.,https://i.redd.it/jepy0ki1w6s41.jpg,14,AskIndia,14,fz533m,1586639957.0,Awe5assin,,2020-04-12 02:49:17
Cult.fit Live is great to keep you motivated for exercise in Lockdown!,https://www.reddit.com/r/india/comments/fz8tdq/cultfit_live_is_great_to_keep_you_motivated_for/,0,AskIndia,7,fz8tdq,1586651312.0,pagalpanti,"Sharing in case anyone is looking for some motivation. It can become daunting, in my personal experience to remain active and I'm all too prone to guilt eat carbs. 

I've used a few apps for recorded video exercises but this is something different, it's live and they monitor your activity levels, if you give them camera access (not compulsory) I found it fun, unaware if it's a security issue though. 

They have a range of exercise from dance to yoga to body weight exercises. so no need for gym equipments.

ps: No, I don't work for them. lol Just a PSA. :) 

If you know of better apps, websites please do share. Let's stay fit, get fit during this tough time.",2020-04-12 05:58:32
"Two Chennai doctors test positive for COVID-19. Families, co-workers and other contacts of the two doctors are being traced and tested",https://www.thenewsminute.com/article/two-chennai-doctors-test-positive-covid-19-122372,0,AskIndia,15,fz3g8y,1586634497.0,AlternativeDrop6,,2020-04-12 01:18:17
Why the slow drip of anti-Muslim poison in India is now a flood,https://scroll.in/article/958724/why-the-slow-drip-of-anti-muslim-poison-in-india-is-now-a-flood,4,AskIndia,14,fz3tfx,1586635744.0,charavaka,,2020-04-12 01:39:04
India to extend lockdown by 2 weeks,https://www.reddit.com/r/india/comments/fz4rsf/india_to_extend_lockdown_by_2_weeks/,1,AskIndia,12,fz4rsf,1586638901.0,TheRobotsHaveCome,"India is set to extend its nationwide lockdown for another two weeks, until April 30, as its confirmed coronavirus caseload continues to soar, with no sign that the severe restrictions on most economic activities have flattened the curve.  India confirmed its highest ever daily number of infections at 1,035 over the past 24 hours, health ministry officials said. This brings the total number of confirmed coronavirus patients to nearly 7,500. Of those, 642 have recovered, and 239 have died.  Prime Minister Narendra Modi engaged in a four-hour dialogue with chief ministers of Indian states on Saturday to discuss whether to lift the lockdown, which has caused extreme hardships to Indiaâ€™s hundreds of millions of casual and informal sector workers, whose incomes have collapsed since the restrictive measures were introduced on March 22.  Mr Modi made no official statement or comment after the meeting concluded. But Arvind Kejriwal, the chief minister of New Delhi, made it clear that the lockdown would not be lifted on April 14, when it is currently due to expire. Mr Modi is expected to address the nation on Sunday or Monday night about the extension.  Analysts and industries expect that Mr Modi may announce some relaxation of the restrictions for farmers, who are poised to harvest their annual winter wheat crop. Industrial businesses, especially exporters, are also hoping for some relaxation for manufacturers so they can maintain the supply of essential items, and fulfil international orders.  However, all Indiaâ€™s public transportation systems -- including urban metros rails, the railway network, and all domestic and international passenger flights -- are likely to remain suspended.  


Source: Financial Times

[https://www.ft.com/content/6f64d280-6a46-3117-a2ea-a5cd76b91683](https://www.ft.com/content/6f64d280-6a46-3117-a2ea-a5cd76b91683)",2020-04-12 02:31:41
Increasing Covid-19 testing capacity in India,https://www.reddit.com/r/india/comments/fz6n2d/increasing_covid19_testing_capacity_in_india/,5,AskIndia,7,fz6n2d,1586645017.0,BeatMall,"My friend posted this on his LinkedIn

>Testing capacity in India can be increased by up to factor 10 to up to 400,000 a day (!) by doing pooled testing. E.g mix 16 samples and if negative - all are negative, otherwise binary search for the positive(s). Could of course be used worldwide. 

I guess he has been a lot into algorithms lately. Is this some kind of troll or sarcasm that i don't understand or is this even possible?

Even if we do binary search, we have to test for all of them right? I mean it's not like we need to find the positive one and then we are done, we have to find all the positive ones. What's your take on what he said?",2020-04-12 04:13:37
Woman commits suicide as wedding gets cancel over dowry in Visakhapatnam,https://www.thehansindia.com/news/crime/woman-commits-suicide-as-wedding-gets-cancels-over-dowry-in-visakhapatnam-616413,16,AskIndia,35,fyxzal,1586614812.0,Shellynoire,,2020-04-11 19:50:12
India to extend nationwide lockdown to end of month,https://www.ft.com/content/6f64d280-6a46-3117-a2ea-a5cd76b91683,0,AskIndia,13,fz4m2b,1586638408.0,TheRobotsHaveCome,,2020-04-12 02:23:28
Children struggling to survive in India's lockdown,https://universal.com.ng/2020/04/11/children-struggling-to-survive-in-indias-lockdown//,0,AskIndia,23,fz0s4s,1586624847.0,Kebison,,2020-04-11 22:37:27
"Questions about Indian billionaires, Private Indian companies, government policies and economy with respect to Coronavirus",https://www.reddit.com/r/india/comments/fz873c/questions_about_indian_billionaires_private/,0,AskIndia,7,fz873c,1586649593.0,VizKaz,"I read this post highlighting Mark Cubans views of US government bailing out private companies. 

https://np.reddit.com/r/Coronavirus/comments/fl0pdv/mark_cuban_says_bailed_out_companies_should_never/

The execs of the top US companies who have tonnes of money as it is , I'm not sure exactly, but messed up. Didn't save any money, kept reinvesting profits in their own stocks so that company value goes up and now are basically going through heavy losses and have put the jobs of citizens at risk plus they want the government to use taxpayer money to bail them out.

And from what I gather these companies will remain privatised and won't be nationalised.

There is an uproar within the US against this and a comment I really liked stated ""Why should the profits be privatised and losses be socialised"" 

Anyway, I want to know what the policies are like in India. If India has similar policies and private companies in India will go through the same thing?

What are the policies Indian government in similar situations? Is buying your own stock also legal in India? 

If someone could also explain the situation in US and in similar context the Indian economy and situation. That will be greatly appreciated.

Any additional insight and points are also welcome.",2020-04-12 05:29:53
India beats other nations in Covid response: Study,https://timesofindia.indiatimes.com/india/india-beats-other-nations-in-covid-response-study/articleshow/75089755.cms?from=mdr,13,AskIndia,30,fyyvdi,1586618096.0,bookshearer,,2020-04-11 20:44:56
Services at Delhi State Cancer Institute suspended till further notice in view of 21 people testing positive at facility: Official,https://mobile.twitter.com/PTI_News/status/1248929099310960641,1,AskIndia,16,fz305g,1586632934.0,india_ko_vanakkam,,2020-04-12 00:52:14
How is corona virus still spreading in this lock down period?,https://www.reddit.com/r/india/comments/fz85u0/how_is_corona_virus_still_spreading_in_this_lock/,5,AskIndia,9,fz85u0,1586649492.0,satyasys,"Today is the 18th day of lock down, India still seems to get around 1000+ cases per day. This proves that the virus is finding ways to infect large number of people, irrespective of people maintaining social distances and trying to keep in them inside their houses.

What exactly is helping the spread of virus?

[View Poll](https://www.reddit.com/poll/fz85u0)",2020-04-12 05:28:12
"Karnataka CM Feeds Stray Cat, Urges All To Put Out Food & Water For Animals Amid Lockdown",https://i.redd.it/0ujgzuazj0s41.jpg,71,AskIndia,487,fyilix,1586563395.0,Neglectedsince1994,,2020-04-11 05:33:15
Aamir Khan donates to PM Cares,https://www.firstpost.com/health/coronavirus-outbreak-aamir-khan-donates-to-pm-cares-maharashtra-cm-relief-fund-extends-support-to-workers-of-laal-singh-chaddha-8237451.html,2,AskIndia,11,fz61a0,1586643060.0,decipherseattle,,2020-04-12 03:41:00
What country would be the easiest to get a work permit for an Indian?,https://www.reddit.com/r/india/comments/fz574q/what_country_would_be_the_easiest_to_get_a_work/,24,AskIndia,10,fz574q,1586640350.0,Charming-Refuse,,2020-04-12 02:55:50
"After 2 doctors and staff, three cancer patients at Delhi Govt Hospital test Covid-19 positive. Earlier this week, a doctor and nine para-medical staff had also tested positive for the COVID-19 at the Delhi government-run hospital.",https://www.news18.com/news/india/three-cancer-patients-admitted-at-delhi-govt-hospital-test-covid-19-positive-2571955.html,0,AskIndia,41,fywzea,1586610561.0,DenseSpirit5,,2020-04-11 18:39:21
Does CAA grant citizenship to future immigrants from the included countries?,https://www.reddit.com/r/india/comments/fzjlcv/does_caa_grant_citizenship_to_future_immigrants/,1,AskIndia,2,fzjlcv,1586669579.0,Niagr,"Quoting from the [Wikipedia article on CAA](https://en.wikipedia.org/wiki/Citizenship_(Amendment)_Act,_2019):

>The Citizenship (Amendment) Act, 2019 was passed by the [Parliament of India](https://en.wikipedia.org/wiki/Parliament_of_India) on 11 December 2019. It amended the [Citizenship Act of 1955](https://en.wikipedia.org/wiki/Indian_nationality_law) by providing a path to Indian citizenship for illegal migrants of [Hindu](https://en.wikipedia.org/wiki/Hindus), [Sikh](https://en.wikipedia.org/wiki/Sikhs), [Buddhist](https://en.wikipedia.org/wiki/Buddhist), [Jain](https://en.wikipedia.org/wiki/Jain), [Parsi](https://en.wikipedia.org/wiki/Parsis), and [Christian](https://en.wikipedia.org/wiki/Christians) religious minorities, **who had fled persecution from** [**Pakistan**](https://en.wikipedia.org/wiki/Pakistan)**,** [**Bangladesh**](https://en.wikipedia.org/wiki/Bangladesh) **and** [**Afghanistan**](https://en.wikipedia.org/wiki/Afghanistan) **before December 2014**

Without getting into whether the act itself is acceptable or not, it seems to me that even if there is a Pakistani Hindu facing religious persecution today, they would not be eligible for the fast track to Indian citizenship that CAA provides.

Does the CAA include future immigrants from the included countries?",2020-04-12 11:02:59
Which activities can I introduce to my Mom so she can make friends?,https://www.reddit.com/r/india/comments/fz0oqy/which_activities_can_i_introduce_to_my_mom_so_she/,6,AskIndia,20,fz0oqy,1586624505.0,okayestguyever,"My mother is in her 50s and works in an MNC. But whatever few friends she has are from her workplace and doesn't really have friends outside of work.

I am afraid that once she retires, she will feel bored and lonely. She isn't big on socialising and is mostly introverted.

Therefore I am looking for suggestions and ideas. And I would also like to know what kinds of shared activities you do with your parents.

Thank you!",2020-04-11 22:31:45
Meanwhile in India,https://i.redd.it/q1wdsuksb9s41.jpg,0,AskIndia,2,fzjke4,1586669479.0,alenathomasfc,,2020-04-12 11:01:19
"30 crore poor gets Rs 28,256 crore financial assistance under Pradhan Mantri Garib Kalyan Yojana - The Financial Express",https://www.financialexpress.com/economy/30-crore-poor-gets-rs-28256-crore-financial-assistance-under-pradhan-mantri-garib-kalyan-yojana/1925713/?utm_campaign=fullarticle&utm_medium=referral&utm_source=inshorts,0,AskIndia,2,fzjgas,1586669043.0,DangerousComfort3,,2020-04-12 10:54:03
"PM Modi to decide on lockdown tomorrow, may extend by two weeks",https://www.thehansindia.com/news/national/pm-modi-to-decide-on-lockdown-tomorrow-may-extend-by-two-weeks-616778,0,AskIndia,13,fz3oqr,1586635298.0,nonstop-nonsense,,2020-04-12 01:31:38
â€˜Took it head-onâ€™: IAS officer Tina Dabi on how Bhilwara model for Covid-19 worked,https://www.hindustantimes.com/india-news/covid-19-took-it-head-on-ias-officer-tina-dabi-on-how-bhilwara-model-worked/story-0EJjKmKt9LX5KmvhZS6WoK.html,4,AskIndia,18,fz1x7c,1586629017.0,Hanuwoman,,2020-04-11 23:46:57
PM Likely To Address Nation To Announce Whether Lockdown Ends Tuesday,https://www.ndtv.com/india-news/coronavirus-pm-narendra-modi-likely-to-address-nation-to-announce-whether-covid-19-lockdown-ends-tue-2209314?pfrom=home-topscroll,25,AskIndia,65,fyuga1,1586600333.0,Lister971191,,2020-04-11 15:48:53
MP: TikTok user Samir Khan who mocked face mask in video tests positive for Coronavirus,https://news.abplive.com/videos/news/india-mp-tiktok-user-samir-khan-who-mocked-face-mask-in-video-tests-positive-for-coronavirus-1195225/amp?__twitter_impression=true,5,AskIndia,22,fyzydl,1586621910.0,theweblover007,,2020-04-11 21:48:30
"""Jaan Bhi Jahaan Bhi"": PM Indicates Lockdown With Economic Strategy",https://www.ndtv.com/india-news/pm-narendra-modi-on-coronavirus-pm-indicates-lockdown-with-economic-strategy-jaan-bhi-jahaan-bhi-2210091?pfrom=home-bigstory,2,AskIndia,11,fz4m2n,1586638409.0,Lister971191,,2020-04-12 02:23:29
How easy is it to get a divorce one month after the wedding,https://www.reddit.com/r/india/comments/fz5afw/how_easy_is_it_to_get_a_divorce_one_month_after/,11,AskIndia,9,fz5afw,1586640668.0,awsiamavilable,"Sorry to disappoint you guys that this isn't about corona but here's the thing with the lockdown. I got recently married and moved in with my partner just a day before the lockdown and we two are stuck with each other for almost a month now and in this period I realised how wrong this relationship is and how hollow and frustrated and spent it would leave me if it continues for life. 
How easy is to get a divorce just a month after marriage ? 

Your comments would help me take the future course of action.

Edit : We did dated for 9 months before the wedding and this feeling got developed during that time as well but since it was so close to the wedding , I couldn't even call it off and just hoped the situation would change for the better when we two would start living together but that's not the case. Infact this situation and this feeling has gotten more stronger",2020-04-12 03:01:08
Homemade Pasta - Indian Style,https://youtu.be/-LlMQtk5u3s,4,AskIndia,4,fzdoqo,1586659284.0,Jim107,,2020-04-12 08:11:24
No Evidence to Suggest Tablighi Role in Continuous Rise in Covid Cases: Scientists - Clarion India,https://clarionindia.net/no-evidence-to-suggest-tablighi-role-in-continuous-rise-in-covid-cases-scientists/,0,AskIndia,4,fzdm3n,1586659187.0,rajeshsharma7777,,2020-04-12 08:09:47
Coronavirus: Rajasthan extends lockdown till April 30; global toll crosses 1 lakh-mark,https://scroll.in/latest/958872/coronavirus-rajasthan-extends-lockdown-till-april-30-global-toll-crosses-1-lakh-mark,0,AskIndia,57,fyv71k,1586602954.0,harddisc,,2020-04-11 16:32:34
Foodgrain supply to Gujarat doubled during lockdown: FCI,https://indianexpress.com/article/cities/ahmedabad/foodgrain-supply-to-gujarat-doubled-during-lockdown-fci/,3,AskIndia,37,fywvv3,1586610117.0,mayblum,,2020-04-11 18:31:57
People who test negative might also have coronavirus: Study,https://www.reddit.com/r/india/comments/fywlyr/people_who_test_negative_might_also_have/,3,AskIndia,41,fywlyr,1586608904.0,drgnfly61,">scientists have warned about a growing concern: the tests are not 100 percent reliable, meaning people with negative results might actually have coronavirus.
-------------

>The majority of tests around the world use a technology called PCR, which detects pieces of the coronavirus in mucus samples.
-------------------
>there are a lot of things that impact whether or not the test actually picks up the virus,"" Priya Sampathkumar, an infectious diseases specialist at Mayo Clinic in Minnesota, told AFP.

It depends on how much virus the person is shedding (through sneezing, coughing, and other bodily functions), how the test was collected and whether it was done appropriately by someone used to collecting these swabs, and then how long it sat in transport,"" she said.

>With 40 million people, ""even if only one percent of the population was tested, 20,000 false-negative results would be expected."" (USA)

Part of the problem lies in locating the virus as its area of highest concentration shifts within the body.

More details in the below

https://www.deccanherald.com/amp/science-and-environment/people-who-test-negative-might-also-have-coronavirus-study-823952.html",2020-04-11 18:11:44
COVID-19: IIT-B researchersâ€™ â€˜smart stethoscopeâ€™ can hear heart beats from a distance,https://www.thehindu.com/sci-tech/health/covid-19-iit-b-researchers-smart-stethoscope-can-hear-heart-beats-from-a-distance/article31315366.ece,4,AskIndia,16,fz20wc,1586629364.0,_azadak,,2020-04-11 23:52:44
COVID-19 India Projection Data,https://medium.com/@onosmosis/covid-19-india-projection-data-94b17728f0f5,1,AskIndia,6,fz94as,1586652180.0,onosmosis,,2020-04-12 06:13:00
Homemade Masks!,https://i.redd.it/lxikjdscc5s41.jpg,3,AskIndia,21,fyzr4y,1586621228.0,Charming_Prompt,,2020-04-11 21:37:08
Walk-through Covid test kiosks in Kerala,https://www.youtube.com/watch?v=FmLaEyw2wIo,1,AskIndia,11,fz4hr9,1586638009.0,mambo91,,2020-04-12 02:16:49
People are just opening share market account. My all friends have opened. I want to use this opportunity.,https://www.reddit.com/r/india/comments/fz3spn/people_are_just_opening_share_market_account_my/,13,AskIndia,11,fz3spn,1586635675.0,vikashred,"After this market crash . I see everyone around just not knowing a b c d of share market  are opening share market account.

I am thinking of becoming a broker and earn in this scenario. What do you think ,i should  do . Or i am going to be in great danger.

And i am also thinking to teach share market online if people open account with me.

How great can i become , and what steps should i take to utilize the full opportunity.",2020-04-12 01:37:55
"Testing / million, we should be proud!",https://i.redd.it/akjair6g56s41.jpg,11,AskIndia,12,fz2gwk,1586631013.0,Duglitt,,2020-04-12 00:20:13
Indiaâ€™s Hindu Nationalists Are Inciting Hate By Claiming Muslims Are Spreading Coronavirus,https://www.vice.com/en_us/article/akwmyj/indias-hindu-nationalists-are-inciting-hate-by-claiming-muslims-are-spreading-coronavirus,40,AskIndia,136,fyp7jr,1586582811.0,zsreport,,2020-04-11 10:56:51
"Many Covid cases without travel or contact history, shows ICMR study",https://timesofindia.com/india/many-covid-cases-without-travel-or-contact-history-shows-icmr-study/articleshow/75089552.cms,3,AskIndia,11,fz2dtp,1586630686.0,silentr3b31,,2020-04-12 00:14:46
"Coronavirus live updates: India to extend nationwide lockdown, US nears 20,000 deaths",https://www.cnbc.com/2020/04/11/coronavirus-live-updates.html,0,AskIndia,7,fz45ht,1586636862.0,johnyleonard,,2020-04-12 01:57:42
Does anyone know which Hindi song tune is this rendition of Gunjan Thakur from,https://www.reddit.com/r/india/comments/fz6iek/does_anyone_know_which_hindi_song_tune_is_this/,2,AskIndia,5,fz6iek,1586644608.0,johndoe1985,"Link to her video [https://www.youtube.com/watch?v=6Y8Ye0EwWgQ](https://www.youtube.com/watch?v=6Y8Ye0EwWgQ)

I am sure the words are hers but the tune is from an older Hindi song..which one please",2020-04-12 04:06:48
Karnataka BJP MLA celebrates birthday with villagers amid lockdown,https://www.indiatoday.in/india/story/karnataka-bjp-mla-celebrates-birthday-with-villagers-amid-lockdown-1665750-2020-04-11,3,AskIndia,23,fyxejv,1586612436.0,rig_vedic_sage,,2020-04-11 19:10:36
AIIMS Resident Doctors' Association rejects mandatory donation of 1-day salary to PM-CARES fund,https://www.indiatoday.in/amp/india/story/aiims-resident-doctors-association-rejects-mandatory-donation-of-1-day-salary-to-pm-cares-fund-1664919-2020-04-09,89,AskIndia,649,fyehrq,1586548039.0,arnott,,2020-04-11 01:17:19
"""100 Days Of COVID-19"": Chief Minister Pinarayi Vijayan Shares Kerala's Story",https://www.ndtv.com/kerala-news/coronavirus-100-days-of-covid-19-chief-minister-pinarayi-vijayan-shares-kerala-story-2209536,3,AskIndia,21,fyxqfr,1586613827.0,deadbroccoli,,2020-04-11 19:33:47
Extension of lockdown till May can put 32 million livelihoods at risk: McKinsey report,https://www.thenewsminute.com/article/extension-lockdown-till-may-can-put-32-million-livelihoods-risk-mckinsey-report-122345,1,AskIndia,22,fyxyna,1586614749.0,hipporama,,2020-04-11 19:49:09
Any good recipes for saag paneer?,https://www.reddit.com/r/india/comments/fz8mmm/any_good_recipes_for_saag_paneer/,2,AskIndia,3,fz8mmm,1586650780.0,idkjustsomedude,I thought I'd ask here in addition to my Google search. I also want to make homemade naan and coconut rice (ik how to make the rice),2020-04-12 05:49:40
Two die after dyke of Reliance power plantâ€™s fly ash pond breaches in Madhya Pradesh,https://www.thehindu.com/news/national/other-states/two-die-after-dyke-of-power-plants-fly-ash-pond-breaches/article31315444.ece,0,AskIndia,10,fz1zpm,1586629256.0,Stunnning_Elephant,,2020-04-11 23:50:56
Question about airtel broadband â‚¹299 unlimited (3.3TB) plan,https://www.reddit.com/r/india/comments/fz37cz/question_about_airtel_broadband_299_unlimited/,8,AskIndia,8,fz37cz,1586633636.0,professor700,"I added the top up plan of 299 today, But the bill for 23-mar to 22-apr will be generated after 12 days i.e. 22 april. It will include the amount of â‚¹299 + my current plan. So, my question is will I get to use 3.3TB data for 12 days or 30 days? 
Thanks.",2020-04-12 01:03:56
"India to extend nationwide lockdown, state minister says",https://www.bbc.com/news/world-asia-india-52255011,0,AskIndia,9,fz6hye,1586644571.0,Proper_Boss,,2020-04-12 04:06:11
We need some positive videos during this time,https://www.youtube.com/watch?v=5N_w90764a4,0,AskIndia,1,fzk4se,1586671553.0,HamiltonMarvel,,2020-04-12 11:35:53
Not For Children || Only legends can understand this #2 || don't stop la...,https://www.youtube.com/watch?v=A8kpBk4adv8&feature=share,0,AskIndia,1,fzk2ob,1586671335.0,hassan112232,,2020-04-12 11:32:15
Modi promotes Hindutva even in the pandemic,https://asiatimes.com/2020/04/modi-promotes-hindutva-even-in-the-pandemic/,1,AskIndia,8,fz3wh1,1586636028.0,silentr3b31,,2020-04-12 01:43:48
What will happen to universities that have to conduct examinations?,https://www.reddit.com/r/india/comments/fz3unp/what_will_happen_to_universities_that_have_to/,3,AskIndia,5,fz3unp,1586635854.0,CrappyCrabby,"With the current situation and the extension of the lockdown, will examinations be held online or further postponed?
P.S I am a student of RU(Raj. Uni) and we were supposed to take examinations throughout April and May, and it is getting increasingly difficult to concentrate on studies due to the ongoing pandemic, so what are your thoughts on how Universities will deal with this?",2020-04-12 01:40:54
Goa is the Best!!,https://www.reddit.com/r/india/comments/fz236a/goa_is_the_best/,6,AskIndia,10,fz236a,1586629588.0,xplorer_,"Lots of tourists(foreigners as well as Indians), just 7 cases,no new cases since many days.Even Andaman and Nicobar Islands and jharkhand hv more cases than Goa.And all of us are praising Kerala.

 /s",2020-04-11 23:56:28
I Hope All Of This Is True (What Happens Next?),https://youtu.be/qUf3eftimvg,0,AskIndia,1,fzjq66,1586670064.0,levijohnson406,,2020-04-12 11:11:04
Coronavirus: The children struggling to survive India's lockdown,https://www.bbc.com/news/world-asia-india-52210888,1,AskIndia,11,fz1dl4,1586627020.0,lazyady,,2020-04-11 23:13:40
Where can I get information like number and percentage of the hearing impaired and/or vocally challenged people in India and also what percentage of those people use the Indian Sign Language or the total number of sign language literates in India?,https://www.reddit.com/r/india/comments/fz0s12/where_can_i_get_information_like_number_and/,2,AskIndia,12,fz0s12,1586624839.0,f_ab13,Basically the title. I need this information for a  project I am working on. Where is this information available? I would be really glad if someone points me in the correct direction. Thanks.,2020-04-11 22:37:19
#BREAKING â€“ Shipments of serological test kits have not arrived in India yet. At least 5 deadlines have been missed. We have no option but to do RT PCR tests in clusters instead of rapid testing: ICMR Sources.,https://twitter.com/CNNnews18/status/1248554268702826499?s=19,1,AskIndia,18,fyy5zz,1586615585.0,silentr3b31,,2020-04-11 20:03:05
Dr Shashi Tharoor - Looking Back at the British Raj in India,https://www.youtube.com/watch?v=OB5ykS-_-CI&t=603s,1,AskIndia,1,fzjkwe,1586669531.0,throughmethroughyou,,2020-04-12 11:02:11
Best of Hindi literature?,https://www.reddit.com/r/india/comments/fz5mqq/best_of_hindi_literature/,10,AskIndia,5,fz5mqq,1586641794.0,kuzan342,"Due to the lockdown, I have plenty of time to read now. I have been reading only English literature so far and would love to start reading Hindi literature. What are some books you would recommend ?",2020-04-12 03:19:54
